[{"id":1,"frequency":"Yearly"},
{"id":2,"frequency":"Seldom"},
{"id":3,"frequency":"Daily"},
{"id":4,"frequency":"Yearly"},
{"id":5,"frequency":"Never"},
{"id":6,"frequency":"Weekly"},
{"id":7,"frequency":"Often"},
{"id":8,"frequency":"Yearly"},
{"id":9,"frequency":"Yearly"},
{"id":10,"frequency":"Often"},
{"id":11,"frequency":"Monthly"},
{"id":12,"frequency":"Monthly"},
{"id":13,"frequency":"Once"},
{"id":14,"frequency":"Once"},
{"id":15,"frequency":"Once"},
{"id":16,"frequency":"Never"},
{"id":17,"frequency":"Never"},
{"id":18,"frequency":"Often"},
{"id":19,"frequency":"Yearly"},
{"id":20,"frequency":"Often"},
{"id":21,"frequency":"Once"},
{"id":22,"frequency":"Never"},
{"id":23,"frequency":"Never"},
{"id":24,"frequency":"Monthly"},
{"id":25,"frequency":"Monthly"},
{"id":26,"frequency":"Daily"},
{"id":27,"frequency":"Yearly"},
{"id":28,"frequency":"Once"},
{"id":29,"frequency":"Weekly"},
{"id":30,"frequency":"Once"},
{"id":31,"frequency":"Never"},
{"id":32,"frequency":"Once"},
{"id":33,"frequency":"Monthly"},
{"id":34,"frequency":"Daily"},
{"id":35,"frequency":"Weekly"},
{"id":36,"frequency":"Seldom"},
{"id":37,"frequency":"Often"},
{"id":38,"frequency":"Monthly"},
{"id":39,"frequency":"Once"},
{"id":40,"frequency":"Daily"},
{"id":41,"frequency":"Never"},
{"id":42,"frequency":"Often"},
{"id":43,"frequency":"Weekly"},
{"id":44,"frequency":"Weekly"},
{"id":45,"frequency":"Monthly"},
{"id":46,"frequency":"Weekly"},
{"id":47,"frequency":"Yearly"},
{"id":48,"frequency":"Once"},
{"id":49,"frequency":"Daily"},
{"id":50,"frequency":"Never"},
{"id":51,"frequency":"Once"},
{"id":52,"frequency":"Weekly"},
{"id":53,"frequency":"Weekly"},
{"id":54,"frequency":"Weekly"},
{"id":55,"frequency":"Monthly"},
{"id":56,"frequency":"Monthly"},
{"id":57,"frequency":"Once"},
{"id":58,"frequency":"Seldom"},
{"id":59,"frequency":"Once"},
{"id":60,"frequency":"Once"},
{"id":61,"frequency":"Weekly"},
{"id":62,"frequency":"Yearly"},
{"id":63,"frequency":"Often"},
{"id":64,"frequency":"Seldom"},
{"id":65,"frequency":"Seldom"},
{"id":66,"frequency":"Seldom"},
{"id":67,"frequency":"Yearly"},
{"id":68,"frequency":"Yearly"},
{"id":69,"frequency":"Seldom"},
{"id":70,"frequency":"Monthly"},
{"id":71,"frequency":"Weekly"},
{"id":72,"frequency":"Never"},
{"id":73,"frequency":"Often"},
{"id":74,"frequency":"Weekly"},
{"id":75,"frequency":"Yearly"},
{"id":76,"frequency":"Yearly"},
{"id":77,"frequency":"Once"},
{"id":78,"frequency":"Seldom"},
{"id":79,"frequency":"Seldom"},
{"id":80,"frequency":"Never"},
{"id":81,"frequency":"Monthly"},
{"id":82,"frequency":"Yearly"},
{"id":83,"frequency":"Weekly"},
{"id":84,"frequency":"Never"},
{"id":85,"frequency":"Daily"},
{"id":86,"frequency":"Weekly"},
{"id":87,"frequency":"Weekly"},
{"id":88,"frequency":"Monthly"},
{"id":89,"frequency":"Yearly"},
{"id":90,"frequency":"Seldom"},
{"id":91,"frequency":"Weekly"},
{"id":92,"frequency":"Seldom"},
{"id":93,"frequency":"Often"},
{"id":94,"frequency":"Monthly"},
{"id":95,"frequency":"Never"},
{"id":96,"frequency":"Monthly"},
{"id":97,"frequency":"Yearly"},
{"id":98,"frequency":"Weekly"},
{"id":99,"frequency":"Daily"},
{"id":100,"frequency":"Weekly"},
{"id":101,"frequency":"Once"},
{"id":102,"frequency":"Seldom"},
{"id":103,"frequency":"Weekly"},
{"id":104,"frequency":"Once"},
{"id":105,"frequency":"Yearly"},
{"id":106,"frequency":"Often"},
{"id":107,"frequency":"Once"},
{"id":108,"frequency":"Often"},
{"id":109,"frequency":"Never"},
{"id":110,"frequency":"Never"},
{"id":111,"frequency":"Often"},
{"id":112,"frequency":"Once"},
{"id":113,"frequency":"Often"},
{"id":114,"frequency":"Weekly"},
{"id":115,"frequency":"Seldom"},
{"id":116,"frequency":"Yearly"},
{"id":117,"frequency":"Once"},
{"id":118,"frequency":"Never"},
{"id":119,"frequency":"Daily"},
{"id":120,"frequency":"Daily"},
{"id":121,"frequency":"Yearly"},
{"id":122,"frequency":"Weekly"},
{"id":123,"frequency":"Seldom"},
{"id":124,"frequency":"Daily"},
{"id":125,"frequency":"Daily"},
{"id":126,"frequency":"Once"},
{"id":127,"frequency":"Weekly"},
{"id":128,"frequency":"Never"},
{"id":129,"frequency":"Once"},
{"id":130,"frequency":"Monthly"},
{"id":131,"frequency":"Yearly"},
{"id":132,"frequency":"Once"},
{"id":133,"frequency":"Often"},
{"id":134,"frequency":"Monthly"},
{"id":135,"frequency":"Monthly"},
{"id":136,"frequency":"Yearly"},
{"id":137,"frequency":"Yearly"},
{"id":138,"frequency":"Weekly"},
{"id":139,"frequency":"Daily"},
{"id":140,"frequency":"Yearly"},
{"id":141,"frequency":"Once"},
{"id":142,"frequency":"Yearly"},
{"id":143,"frequency":"Daily"},
{"id":144,"frequency":"Never"},
{"id":145,"frequency":"Monthly"},
{"id":146,"frequency":"Never"},
{"id":147,"frequency":"Weekly"},
{"id":148,"frequency":"Often"},
{"id":149,"frequency":"Yearly"},
{"id":150,"frequency":"Daily"},
{"id":151,"frequency":"Often"},
{"id":152,"frequency":"Monthly"},
{"id":153,"frequency":"Once"},
{"id":154,"frequency":"Daily"},
{"id":155,"frequency":"Monthly"},
{"id":156,"frequency":"Often"},
{"id":157,"frequency":"Daily"},
{"id":158,"frequency":"Daily"},
{"id":159,"frequency":"Seldom"},
{"id":160,"frequency":"Often"},
{"id":161,"frequency":"Weekly"},
{"id":162,"frequency":"Often"},
{"id":163,"frequency":"Monthly"},
{"id":164,"frequency":"Yearly"},
{"id":165,"frequency":"Once"},
{"id":166,"frequency":"Monthly"},
{"id":167,"frequency":"Often"},
{"id":168,"frequency":"Often"},
{"id":169,"frequency":"Daily"},
{"id":170,"frequency":"Never"},
{"id":171,"frequency":"Yearly"},
{"id":172,"frequency":"Once"},
{"id":173,"frequency":"Weekly"},
{"id":174,"frequency":"Often"},
{"id":175,"frequency":"Yearly"},
{"id":176,"frequency":"Never"},
{"id":177,"frequency":"Seldom"},
{"id":178,"frequency":"Often"},
{"id":179,"frequency":"Weekly"},
{"id":180,"frequency":"Often"},
{"id":181,"frequency":"Daily"},
{"id":182,"frequency":"Weekly"},
{"id":183,"frequency":"Daily"},
{"id":184,"frequency":"Never"},
{"id":185,"frequency":"Weekly"},
{"id":186,"frequency":"Once"},
{"id":187,"frequency":"Once"},
{"id":188,"frequency":"Seldom"},
{"id":189,"frequency":"Never"},
{"id":190,"frequency":"Once"},
{"id":191,"frequency":"Monthly"},
{"id":192,"frequency":"Never"},
{"id":193,"frequency":"Never"},
{"id":194,"frequency":"Seldom"},
{"id":195,"frequency":"Yearly"},
{"id":196,"frequency":"Yearly"},
{"id":197,"frequency":"Once"},
{"id":198,"frequency":"Often"},
{"id":199,"frequency":"Daily"},
{"id":200,"frequency":"Often"},
{"id":201,"frequency":"Weekly"},
{"id":202,"frequency":"Monthly"},
{"id":203,"frequency":"Once"},
{"id":204,"frequency":"Once"},
{"id":205,"frequency":"Yearly"},
{"id":206,"frequency":"Seldom"},
{"id":207,"frequency":"Weekly"},
{"id":208,"frequency":"Monthly"},
{"id":209,"frequency":"Daily"},
{"id":210,"frequency":"Weekly"},
{"id":211,"frequency":"Seldom"},
{"id":212,"frequency":"Once"},
{"id":213,"frequency":"Weekly"},
{"id":214,"frequency":"Never"},
{"id":215,"frequency":"Often"},
{"id":216,"frequency":"Weekly"},
{"id":217,"frequency":"Monthly"},
{"id":218,"frequency":"Daily"},
{"id":219,"frequency":"Monthly"},
{"id":220,"frequency":"Weekly"},
{"id":221,"frequency":"Once"},
{"id":222,"frequency":"Yearly"},
{"id":223,"frequency":"Once"},
{"id":224,"frequency":"Yearly"},
{"id":225,"frequency":"Often"},
{"id":226,"frequency":"Never"},
{"id":227,"frequency":"Weekly"},
{"id":228,"frequency":"Often"},
{"id":229,"frequency":"Never"},
{"id":230,"frequency":"Weekly"},
{"id":231,"frequency":"Monthly"},
{"id":232,"frequency":"Never"},
{"id":233,"frequency":"Never"},
{"id":234,"frequency":"Once"},
{"id":235,"frequency":"Once"},
{"id":236,"frequency":"Weekly"},
{"id":237,"frequency":"Weekly"},
{"id":238,"frequency":"Never"},
{"id":239,"frequency":"Seldom"},
{"id":240,"frequency":"Monthly"},
{"id":241,"frequency":"Weekly"},
{"id":242,"frequency":"Monthly"},
{"id":243,"frequency":"Yearly"},
{"id":244,"frequency":"Yearly"},
{"id":245,"frequency":"Weekly"},
{"id":246,"frequency":"Often"},
{"id":247,"frequency":"Yearly"},
{"id":248,"frequency":"Yearly"},
{"id":249,"frequency":"Once"},
{"id":250,"frequency":"Often"},
{"id":251,"frequency":"Once"},
{"id":252,"frequency":"Often"},
{"id":253,"frequency":"Weekly"},
{"id":254,"frequency":"Daily"},
{"id":255,"frequency":"Seldom"},
{"id":256,"frequency":"Monthly"},
{"id":257,"frequency":"Monthly"},
{"id":258,"frequency":"Weekly"},
{"id":259,"frequency":"Often"},
{"id":260,"frequency":"Never"},
{"id":261,"frequency":"Daily"},
{"id":262,"frequency":"Often"},
{"id":263,"frequency":"Often"},
{"id":264,"frequency":"Seldom"},
{"id":265,"frequency":"Once"},
{"id":266,"frequency":"Seldom"},
{"id":267,"frequency":"Never"},
{"id":268,"frequency":"Once"},
{"id":269,"frequency":"Monthly"},
{"id":270,"frequency":"Often"},
{"id":271,"frequency":"Seldom"},
{"id":272,"frequency":"Once"},
{"id":273,"frequency":"Weekly"},
{"id":274,"frequency":"Monthly"},
{"id":275,"frequency":"Once"},
{"id":276,"frequency":"Yearly"},
{"id":277,"frequency":"Never"},
{"id":278,"frequency":"Yearly"},
{"id":279,"frequency":"Weekly"},
{"id":280,"frequency":"Yearly"},
{"id":281,"frequency":"Daily"},
{"id":282,"frequency":"Never"},
{"id":283,"frequency":"Never"},
{"id":284,"frequency":"Monthly"},
{"id":285,"frequency":"Seldom"},
{"id":286,"frequency":"Once"},
{"id":287,"frequency":"Weekly"},
{"id":288,"frequency":"Never"},
{"id":289,"frequency":"Weekly"},
{"id":290,"frequency":"Once"},
{"id":291,"frequency":"Never"},
{"id":292,"frequency":"Daily"},
{"id":293,"frequency":"Seldom"},
{"id":294,"frequency":"Often"},
{"id":295,"frequency":"Seldom"},
{"id":296,"frequency":"Seldom"},
{"id":297,"frequency":"Never"},
{"id":298,"frequency":"Never"},
{"id":299,"frequency":"Once"},
{"id":300,"frequency":"Yearly"},
{"id":301,"frequency":"Weekly"},
{"id":302,"frequency":"Daily"},
{"id":303,"frequency":"Monthly"},
{"id":304,"frequency":"Once"},
{"id":305,"frequency":"Never"},
{"id":306,"frequency":"Yearly"},
{"id":307,"frequency":"Monthly"},
{"id":308,"frequency":"Seldom"},
{"id":309,"frequency":"Yearly"},
{"id":310,"frequency":"Never"},
{"id":311,"frequency":"Daily"},
{"id":312,"frequency":"Daily"},
{"id":313,"frequency":"Often"},
{"id":314,"frequency":"Once"},
{"id":315,"frequency":"Never"},
{"id":316,"frequency":"Daily"},
{"id":317,"frequency":"Never"},
{"id":318,"frequency":"Yearly"},
{"id":319,"frequency":"Yearly"},
{"id":320,"frequency":"Often"},
{"id":321,"frequency":"Once"},
{"id":322,"frequency":"Monthly"},
{"id":323,"frequency":"Yearly"},
{"id":324,"frequency":"Monthly"},
{"id":325,"frequency":"Once"},
{"id":326,"frequency":"Weekly"},
{"id":327,"frequency":"Daily"},
{"id":328,"frequency":"Yearly"},
{"id":329,"frequency":"Yearly"},
{"id":330,"frequency":"Yearly"},
{"id":331,"frequency":"Daily"},
{"id":332,"frequency":"Once"},
{"id":333,"frequency":"Monthly"},
{"id":334,"frequency":"Yearly"},
{"id":335,"frequency":"Never"},
{"id":336,"frequency":"Daily"},
{"id":337,"frequency":"Yearly"},
{"id":338,"frequency":"Weekly"},
{"id":339,"frequency":"Daily"},
{"id":340,"frequency":"Seldom"},
{"id":341,"frequency":"Yearly"},
{"id":342,"frequency":"Yearly"},
{"id":343,"frequency":"Once"},
{"id":344,"frequency":"Daily"},
{"id":345,"frequency":"Weekly"},
{"id":346,"frequency":"Daily"},
{"id":347,"frequency":"Seldom"},
{"id":348,"frequency":"Daily"},
{"id":349,"frequency":"Yearly"},
{"id":350,"frequency":"Never"},
{"id":351,"frequency":"Often"},
{"id":352,"frequency":"Often"},
{"id":353,"frequency":"Monthly"},
{"id":354,"frequency":"Daily"},
{"id":355,"frequency":"Once"},
{"id":356,"frequency":"Once"},
{"id":357,"frequency":"Daily"},
{"id":358,"frequency":"Yearly"},
{"id":359,"frequency":"Once"},
{"id":360,"frequency":"Monthly"},
{"id":361,"frequency":"Daily"},
{"id":362,"frequency":"Monthly"},
{"id":363,"frequency":"Yearly"},
{"id":364,"frequency":"Monthly"},
{"id":365,"frequency":"Never"},
{"id":366,"frequency":"Yearly"},
{"id":367,"frequency":"Daily"},
{"id":368,"frequency":"Seldom"},
{"id":369,"frequency":"Weekly"},
{"id":370,"frequency":"Seldom"},
{"id":371,"frequency":"Seldom"},
{"id":372,"frequency":"Weekly"},
{"id":373,"frequency":"Monthly"},
{"id":374,"frequency":"Monthly"},
{"id":375,"frequency":"Monthly"},
{"id":376,"frequency":"Yearly"},
{"id":377,"frequency":"Never"},
{"id":378,"frequency":"Daily"},
{"id":379,"frequency":"Once"},
{"id":380,"frequency":"Yearly"},
{"id":381,"frequency":"Seldom"},
{"id":382,"frequency":"Never"},
{"id":383,"frequency":"Monthly"},
{"id":384,"frequency":"Often"},
{"id":385,"frequency":"Never"},
{"id":386,"frequency":"Daily"},
{"id":387,"frequency":"Once"},
{"id":388,"frequency":"Weekly"},
{"id":389,"frequency":"Weekly"},
{"id":390,"frequency":"Often"},
{"id":391,"frequency":"Monthly"},
{"id":392,"frequency":"Seldom"},
{"id":393,"frequency":"Daily"},
{"id":394,"frequency":"Never"},
{"id":395,"frequency":"Once"},
{"id":396,"frequency":"Monthly"},
{"id":397,"frequency":"Weekly"},
{"id":398,"frequency":"Often"},
{"id":399,"frequency":"Never"},
{"id":400,"frequency":"Weekly"},
{"id":401,"frequency":"Yearly"},
{"id":402,"frequency":"Monthly"},
{"id":403,"frequency":"Often"},
{"id":404,"frequency":"Yearly"},
{"id":405,"frequency":"Weekly"},
{"id":406,"frequency":"Never"},
{"id":407,"frequency":"Daily"},
{"id":408,"frequency":"Never"},
{"id":409,"frequency":"Yearly"},
{"id":410,"frequency":"Monthly"},
{"id":411,"frequency":"Never"},
{"id":412,"frequency":"Yearly"},
{"id":413,"frequency":"Monthly"},
{"id":414,"frequency":"Monthly"},
{"id":415,"frequency":"Monthly"},
{"id":416,"frequency":"Seldom"},
{"id":417,"frequency":"Once"},
{"id":418,"frequency":"Never"},
{"id":419,"frequency":"Daily"},
{"id":420,"frequency":"Weekly"},
{"id":421,"frequency":"Often"},
{"id":422,"frequency":"Seldom"},
{"id":423,"frequency":"Monthly"},
{"id":424,"frequency":"Yearly"},
{"id":425,"frequency":"Once"},
{"id":426,"frequency":"Often"},
{"id":427,"frequency":"Daily"},
{"id":428,"frequency":"Never"},
{"id":429,"frequency":"Never"},
{"id":430,"frequency":"Yearly"},
{"id":431,"frequency":"Monthly"},
{"id":432,"frequency":"Daily"},
{"id":433,"frequency":"Daily"},
{"id":434,"frequency":"Weekly"},
{"id":435,"frequency":"Yearly"},
{"id":436,"frequency":"Daily"},
{"id":437,"frequency":"Never"},
{"id":438,"frequency":"Once"},
{"id":439,"frequency":"Weekly"},
{"id":440,"frequency":"Weekly"},
{"id":441,"frequency":"Often"},
{"id":442,"frequency":"Once"},
{"id":443,"frequency":"Daily"},
{"id":444,"frequency":"Often"},
{"id":445,"frequency":"Never"},
{"id":446,"frequency":"Never"},
{"id":447,"frequency":"Monthly"},
{"id":448,"frequency":"Yearly"},
{"id":449,"frequency":"Daily"},
{"id":450,"frequency":"Yearly"},
{"id":451,"frequency":"Yearly"},
{"id":452,"frequency":"Daily"},
{"id":453,"frequency":"Once"},
{"id":454,"frequency":"Often"},
{"id":455,"frequency":"Daily"},
{"id":456,"frequency":"Daily"},
{"id":457,"frequency":"Yearly"},
{"id":458,"frequency":"Often"},
{"id":459,"frequency":"Often"},
{"id":460,"frequency":"Weekly"},
{"id":461,"frequency":"Weekly"},
{"id":462,"frequency":"Daily"},
{"id":463,"frequency":"Often"},
{"id":464,"frequency":"Weekly"},
{"id":465,"frequency":"Never"},
{"id":466,"frequency":"Monthly"},
{"id":467,"frequency":"Daily"},
{"id":468,"frequency":"Often"},
{"id":469,"frequency":"Monthly"},
{"id":470,"frequency":"Once"},
{"id":471,"frequency":"Once"},
{"id":472,"frequency":"Often"},
{"id":473,"frequency":"Weekly"},
{"id":474,"frequency":"Daily"},
{"id":475,"frequency":"Weekly"},
{"id":476,"frequency":"Once"},
{"id":477,"frequency":"Monthly"},
{"id":478,"frequency":"Monthly"},
{"id":479,"frequency":"Never"},
{"id":480,"frequency":"Once"},
{"id":481,"frequency":"Weekly"},
{"id":482,"frequency":"Weekly"},
{"id":483,"frequency":"Monthly"},
{"id":484,"frequency":"Once"},
{"id":485,"frequency":"Weekly"},
{"id":486,"frequency":"Seldom"},
{"id":487,"frequency":"Once"},
{"id":488,"frequency":"Weekly"},
{"id":489,"frequency":"Weekly"},
{"id":490,"frequency":"Daily"},
{"id":491,"frequency":"Daily"},
{"id":492,"frequency":"Seldom"},
{"id":493,"frequency":"Yearly"},
{"id":494,"frequency":"Often"},
{"id":495,"frequency":"Monthly"},
{"id":496,"frequency":"Once"},
{"id":497,"frequency":"Yearly"},
{"id":498,"frequency":"Once"},
{"id":499,"frequency":"Yearly"},
{"id":500,"frequency":"Once"},
{"id":501,"frequency":"Often"},
{"id":502,"frequency":"Daily"},
{"id":503,"frequency":"Seldom"},
{"id":504,"frequency":"Weekly"},
{"id":505,"frequency":"Yearly"},
{"id":506,"frequency":"Daily"},
{"id":507,"frequency":"Weekly"},
{"id":508,"frequency":"Often"},
{"id":509,"frequency":"Often"},
{"id":510,"frequency":"Once"},
{"id":511,"frequency":"Seldom"},
{"id":512,"frequency":"Seldom"},
{"id":513,"frequency":"Never"},
{"id":514,"frequency":"Weekly"},
{"id":515,"frequency":"Seldom"},
{"id":516,"frequency":"Yearly"},
{"id":517,"frequency":"Monthly"},
{"id":518,"frequency":"Once"},
{"id":519,"frequency":"Often"},
{"id":520,"frequency":"Daily"},
{"id":521,"frequency":"Yearly"},
{"id":522,"frequency":"Daily"},
{"id":523,"frequency":"Often"},
{"id":524,"frequency":"Weekly"},
{"id":525,"frequency":"Once"},
{"id":526,"frequency":"Daily"},
{"id":527,"frequency":"Once"},
{"id":528,"frequency":"Daily"},
{"id":529,"frequency":"Daily"},
{"id":530,"frequency":"Often"},
{"id":531,"frequency":"Monthly"},
{"id":532,"frequency":"Yearly"},
{"id":533,"frequency":"Once"},
{"id":534,"frequency":"Never"},
{"id":535,"frequency":"Never"},
{"id":536,"frequency":"Seldom"},
{"id":537,"frequency":"Often"},
{"id":538,"frequency":"Daily"},
{"id":539,"frequency":"Weekly"},
{"id":540,"frequency":"Weekly"},
{"id":541,"frequency":"Never"},
{"id":542,"frequency":"Yearly"},
{"id":543,"frequency":"Often"},
{"id":544,"frequency":"Monthly"},
{"id":545,"frequency":"Yearly"},
{"id":546,"frequency":"Seldom"},
{"id":547,"frequency":"Yearly"},
{"id":548,"frequency":"Monthly"},
{"id":549,"frequency":"Weekly"},
{"id":550,"frequency":"Once"},
{"id":551,"frequency":"Never"},
{"id":552,"frequency":"Once"},
{"id":553,"frequency":"Once"},
{"id":554,"frequency":"Yearly"},
{"id":555,"frequency":"Never"},
{"id":556,"frequency":"Never"},
{"id":557,"frequency":"Seldom"},
{"id":558,"frequency":"Daily"},
{"id":559,"frequency":"Once"},
{"id":560,"frequency":"Seldom"},
{"id":561,"frequency":"Seldom"},
{"id":562,"frequency":"Weekly"},
{"id":563,"frequency":"Never"},
{"id":564,"frequency":"Often"},
{"id":565,"frequency":"Often"},
{"id":566,"frequency":"Daily"},
{"id":567,"frequency":"Weekly"},
{"id":568,"frequency":"Monthly"},
{"id":569,"frequency":"Seldom"},
{"id":570,"frequency":"Daily"},
{"id":571,"frequency":"Seldom"},
{"id":572,"frequency":"Monthly"},
{"id":573,"frequency":"Monthly"},
{"id":574,"frequency":"Monthly"},
{"id":575,"frequency":"Daily"},
{"id":576,"frequency":"Once"},
{"id":577,"frequency":"Monthly"},
{"id":578,"frequency":"Monthly"},
{"id":579,"frequency":"Seldom"},
{"id":580,"frequency":"Never"},
{"id":581,"frequency":"Once"},
{"id":582,"frequency":"Seldom"},
{"id":583,"frequency":"Weekly"},
{"id":584,"frequency":"Never"},
{"id":585,"frequency":"Monthly"},
{"id":586,"frequency":"Monthly"},
{"id":587,"frequency":"Monthly"},
{"id":588,"frequency":"Daily"},
{"id":589,"frequency":"Yearly"},
{"id":590,"frequency":"Weekly"},
{"id":591,"frequency":"Once"},
{"id":592,"frequency":"Yearly"},
{"id":593,"frequency":"Yearly"},
{"id":594,"frequency":"Daily"},
{"id":595,"frequency":"Never"},
{"id":596,"frequency":"Seldom"},
{"id":597,"frequency":"Often"},
{"id":598,"frequency":"Often"},
{"id":599,"frequency":"Never"},
{"id":600,"frequency":"Daily"},
{"id":601,"frequency":"Often"},
{"id":602,"frequency":"Once"},
{"id":603,"frequency":"Yearly"},
{"id":604,"frequency":"Often"},
{"id":605,"frequency":"Once"},
{"id":606,"frequency":"Often"},
{"id":607,"frequency":"Seldom"},
{"id":608,"frequency":"Once"},
{"id":609,"frequency":"Often"},
{"id":610,"frequency":"Seldom"},
{"id":611,"frequency":"Once"},
{"id":612,"frequency":"Once"},
{"id":613,"frequency":"Often"},
{"id":614,"frequency":"Seldom"},
{"id":615,"frequency":"Once"},
{"id":616,"frequency":"Seldom"},
{"id":617,"frequency":"Never"},
{"id":618,"frequency":"Often"},
{"id":619,"frequency":"Weekly"},
{"id":620,"frequency":"Often"},
{"id":621,"frequency":"Never"},
{"id":622,"frequency":"Seldom"},
{"id":623,"frequency":"Monthly"},
{"id":624,"frequency":"Monthly"},
{"id":625,"frequency":"Daily"},
{"id":626,"frequency":"Yearly"},
{"id":627,"frequency":"Yearly"},
{"id":628,"frequency":"Weekly"},
{"id":629,"frequency":"Often"},
{"id":630,"frequency":"Daily"},
{"id":631,"frequency":"Often"},
{"id":632,"frequency":"Daily"},
{"id":633,"frequency":"Weekly"},
{"id":634,"frequency":"Weekly"},
{"id":635,"frequency":"Daily"},
{"id":636,"frequency":"Yearly"},
{"id":637,"frequency":"Monthly"},
{"id":638,"frequency":"Yearly"},
{"id":639,"frequency":"Seldom"},
{"id":640,"frequency":"Seldom"},
{"id":641,"frequency":"Monthly"},
{"id":642,"frequency":"Yearly"},
{"id":643,"frequency":"Weekly"},
{"id":644,"frequency":"Daily"},
{"id":645,"frequency":"Seldom"},
{"id":646,"frequency":"Daily"},
{"id":647,"frequency":"Yearly"},
{"id":648,"frequency":"Daily"},
{"id":649,"frequency":"Weekly"},
{"id":650,"frequency":"Yearly"},
{"id":651,"frequency":"Daily"},
{"id":652,"frequency":"Never"},
{"id":653,"frequency":"Yearly"},
{"id":654,"frequency":"Monthly"},
{"id":655,"frequency":"Daily"},
{"id":656,"frequency":"Monthly"},
{"id":657,"frequency":"Once"},
{"id":658,"frequency":"Never"},
{"id":659,"frequency":"Often"},
{"id":660,"frequency":"Once"},
{"id":661,"frequency":"Often"},
{"id":662,"frequency":"Daily"},
{"id":663,"frequency":"Daily"},
{"id":664,"frequency":"Yearly"},
{"id":665,"frequency":"Daily"},
{"id":666,"frequency":"Daily"},
{"id":667,"frequency":"Daily"},
{"id":668,"frequency":"Once"},
{"id":669,"frequency":"Never"},
{"id":670,"frequency":"Once"},
{"id":671,"frequency":"Often"},
{"id":672,"frequency":"Never"},
{"id":673,"frequency":"Daily"},
{"id":674,"frequency":"Never"},
{"id":675,"frequency":"Often"},
{"id":676,"frequency":"Weekly"},
{"id":677,"frequency":"Yearly"},
{"id":678,"frequency":"Weekly"},
{"id":679,"frequency":"Once"},
{"id":680,"frequency":"Daily"},
{"id":681,"frequency":"Monthly"},
{"id":682,"frequency":"Once"},
{"id":683,"frequency":"Monthly"},
{"id":684,"frequency":"Never"},
{"id":685,"frequency":"Yearly"},
{"id":686,"frequency":"Weekly"},
{"id":687,"frequency":"Monthly"},
{"id":688,"frequency":"Daily"},
{"id":689,"frequency":"Weekly"},
{"id":690,"frequency":"Often"},
{"id":691,"frequency":"Yearly"},
{"id":692,"frequency":"Never"},
{"id":693,"frequency":"Seldom"},
{"id":694,"frequency":"Never"},
{"id":695,"frequency":"Yearly"},
{"id":696,"frequency":"Weekly"},
{"id":697,"frequency":"Daily"},
{"id":698,"frequency":"Often"},
{"id":699,"frequency":"Never"},
{"id":700,"frequency":"Daily"},
{"id":701,"frequency":"Weekly"},
{"id":702,"frequency":"Weekly"},
{"id":703,"frequency":"Never"},
{"id":704,"frequency":"Often"},
{"id":705,"frequency":"Daily"},
{"id":706,"frequency":"Never"},
{"id":707,"frequency":"Never"},
{"id":708,"frequency":"Weekly"},
{"id":709,"frequency":"Daily"},
{"id":710,"frequency":"Weekly"},
{"id":711,"frequency":"Weekly"},
{"id":712,"frequency":"Never"},
{"id":713,"frequency":"Often"},
{"id":714,"frequency":"Monthly"},
{"id":715,"frequency":"Daily"},
{"id":716,"frequency":"Yearly"},
{"id":717,"frequency":"Seldom"},
{"id":718,"frequency":"Weekly"},
{"id":719,"frequency":"Often"},
{"id":720,"frequency":"Daily"},
{"id":721,"frequency":"Weekly"},
{"id":722,"frequency":"Daily"},
{"id":723,"frequency":"Monthly"},
{"id":724,"frequency":"Never"},
{"id":725,"frequency":"Often"},
{"id":726,"frequency":"Never"},
{"id":727,"frequency":"Never"},
{"id":728,"frequency":"Yearly"},
{"id":729,"frequency":"Often"},
{"id":730,"frequency":"Often"},
{"id":731,"frequency":"Daily"},
{"id":732,"frequency":"Monthly"},
{"id":733,"frequency":"Once"},
{"id":734,"frequency":"Once"},
{"id":735,"frequency":"Never"},
{"id":736,"frequency":"Weekly"},
{"id":737,"frequency":"Once"},
{"id":738,"frequency":"Never"},
{"id":739,"frequency":"Often"},
{"id":740,"frequency":"Monthly"},
{"id":741,"frequency":"Seldom"},
{"id":742,"frequency":"Often"},
{"id":743,"frequency":"Monthly"},
{"id":744,"frequency":"Weekly"},
{"id":745,"frequency":"Often"},
{"id":746,"frequency":"Weekly"},
{"id":747,"frequency":"Yearly"},
{"id":748,"frequency":"Daily"},
{"id":749,"frequency":"Weekly"},
{"id":750,"frequency":"Often"},
{"id":751,"frequency":"Weekly"},
{"id":752,"frequency":"Weekly"},
{"id":753,"frequency":"Weekly"},
{"id":754,"frequency":"Seldom"},
{"id":755,"frequency":"Weekly"},
{"id":756,"frequency":"Often"},
{"id":757,"frequency":"Yearly"},
{"id":758,"frequency":"Often"},
{"id":759,"frequency":"Yearly"},
{"id":760,"frequency":"Once"},
{"id":761,"frequency":"Often"},
{"id":762,"frequency":"Never"},
{"id":763,"frequency":"Monthly"},
{"id":764,"frequency":"Weekly"},
{"id":765,"frequency":"Weekly"},
{"id":766,"frequency":"Seldom"},
{"id":767,"frequency":"Daily"},
{"id":768,"frequency":"Once"},
{"id":769,"frequency":"Yearly"},
{"id":770,"frequency":"Never"},
{"id":771,"frequency":"Once"},
{"id":772,"frequency":"Often"},
{"id":773,"frequency":"Monthly"},
{"id":774,"frequency":"Monthly"},
{"id":775,"frequency":"Often"},
{"id":776,"frequency":"Never"},
{"id":777,"frequency":"Once"},
{"id":778,"frequency":"Never"},
{"id":779,"frequency":"Seldom"},
{"id":780,"frequency":"Yearly"},
{"id":781,"frequency":"Monthly"},
{"id":782,"frequency":"Never"},
{"id":783,"frequency":"Daily"},
{"id":784,"frequency":"Often"},
{"id":785,"frequency":"Weekly"},
{"id":786,"frequency":"Weekly"},
{"id":787,"frequency":"Daily"},
{"id":788,"frequency":"Never"},
{"id":789,"frequency":"Yearly"},
{"id":790,"frequency":"Weekly"},
{"id":791,"frequency":"Daily"},
{"id":792,"frequency":"Monthly"},
{"id":793,"frequency":"Yearly"},
{"id":794,"frequency":"Monthly"},
{"id":795,"frequency":"Often"},
{"id":796,"frequency":"Daily"},
{"id":797,"frequency":"Once"},
{"id":798,"frequency":"Seldom"},
{"id":799,"frequency":"Weekly"},
{"id":800,"frequency":"Once"},
{"id":801,"frequency":"Often"},
{"id":802,"frequency":"Once"},
{"id":803,"frequency":"Yearly"},
{"id":804,"frequency":"Monthly"},
{"id":805,"frequency":"Weekly"},
{"id":806,"frequency":"Daily"},
{"id":807,"frequency":"Seldom"},
{"id":808,"frequency":"Monthly"},
{"id":809,"frequency":"Daily"},
{"id":810,"frequency":"Once"},
{"id":811,"frequency":"Never"},
{"id":812,"frequency":"Monthly"},
{"id":813,"frequency":"Yearly"},
{"id":814,"frequency":"Often"},
{"id":815,"frequency":"Often"},
{"id":816,"frequency":"Weekly"},
{"id":817,"frequency":"Once"},
{"id":818,"frequency":"Seldom"},
{"id":819,"frequency":"Never"},
{"id":820,"frequency":"Often"},
{"id":821,"frequency":"Seldom"},
{"id":822,"frequency":"Weekly"},
{"id":823,"frequency":"Daily"},
{"id":824,"frequency":"Daily"},
{"id":825,"frequency":"Weekly"},
{"id":826,"frequency":"Yearly"},
{"id":827,"frequency":"Once"},
{"id":828,"frequency":"Once"},
{"id":829,"frequency":"Daily"},
{"id":830,"frequency":"Often"},
{"id":831,"frequency":"Often"},
{"id":832,"frequency":"Often"},
{"id":833,"frequency":"Weekly"},
{"id":834,"frequency":"Yearly"},
{"id":835,"frequency":"Monthly"},
{"id":836,"frequency":"Yearly"},
{"id":837,"frequency":"Weekly"},
{"id":838,"frequency":"Seldom"},
{"id":839,"frequency":"Daily"},
{"id":840,"frequency":"Yearly"},
{"id":841,"frequency":"Daily"},
{"id":842,"frequency":"Yearly"},
{"id":843,"frequency":"Often"},
{"id":844,"frequency":"Weekly"},
{"id":845,"frequency":"Yearly"},
{"id":846,"frequency":"Weekly"},
{"id":847,"frequency":"Often"},
{"id":848,"frequency":"Monthly"},
{"id":849,"frequency":"Weekly"},
{"id":850,"frequency":"Never"},
{"id":851,"frequency":"Seldom"},
{"id":852,"frequency":"Often"},
{"id":853,"frequency":"Weekly"},
{"id":854,"frequency":"Weekly"},
{"id":855,"frequency":"Never"},
{"id":856,"frequency":"Daily"},
{"id":857,"frequency":"Once"},
{"id":858,"frequency":"Once"},
{"id":859,"frequency":"Often"},
{"id":860,"frequency":"Never"},
{"id":861,"frequency":"Never"},
{"id":862,"frequency":"Never"},
{"id":863,"frequency":"Often"},
{"id":864,"frequency":"Seldom"},
{"id":865,"frequency":"Often"},
{"id":866,"frequency":"Once"},
{"id":867,"frequency":"Once"},
{"id":868,"frequency":"Often"},
{"id":869,"frequency":"Weekly"},
{"id":870,"frequency":"Never"},
{"id":871,"frequency":"Seldom"},
{"id":872,"frequency":"Daily"},
{"id":873,"frequency":"Monthly"},
{"id":874,"frequency":"Never"},
{"id":875,"frequency":"Often"},
{"id":876,"frequency":"Seldom"},
{"id":877,"frequency":"Yearly"},
{"id":878,"frequency":"Yearly"},
{"id":879,"frequency":"Often"},
{"id":880,"frequency":"Monthly"},
{"id":881,"frequency":"Never"},
{"id":882,"frequency":"Often"},
{"id":883,"frequency":"Yearly"},
{"id":884,"frequency":"Daily"},
{"id":885,"frequency":"Weekly"},
{"id":886,"frequency":"Never"},
{"id":887,"frequency":"Once"},
{"id":888,"frequency":"Daily"},
{"id":889,"frequency":"Often"},
{"id":890,"frequency":"Often"},
{"id":891,"frequency":"Once"},
{"id":892,"frequency":"Weekly"},
{"id":893,"frequency":"Daily"},
{"id":894,"frequency":"Seldom"},
{"id":895,"frequency":"Daily"},
{"id":896,"frequency":"Yearly"},
{"id":897,"frequency":"Yearly"},
{"id":898,"frequency":"Weekly"},
{"id":899,"frequency":"Yearly"},
{"id":900,"frequency":"Daily"},
{"id":901,"frequency":"Once"},
{"id":902,"frequency":"Monthly"},
{"id":903,"frequency":"Seldom"},
{"id":904,"frequency":"Daily"},
{"id":905,"frequency":"Daily"},
{"id":906,"frequency":"Weekly"},
{"id":907,"frequency":"Often"},
{"id":908,"frequency":"Monthly"},
{"id":909,"frequency":"Often"},
{"id":910,"frequency":"Daily"},
{"id":911,"frequency":"Never"},
{"id":912,"frequency":"Monthly"},
{"id":913,"frequency":"Weekly"},
{"id":914,"frequency":"Never"},
{"id":915,"frequency":"Seldom"},
{"id":916,"frequency":"Yearly"},
{"id":917,"frequency":"Seldom"},
{"id":918,"frequency":"Once"},
{"id":919,"frequency":"Daily"},
{"id":920,"frequency":"Often"},
{"id":921,"frequency":"Yearly"},
{"id":922,"frequency":"Daily"},
{"id":923,"frequency":"Often"},
{"id":924,"frequency":"Never"},
{"id":925,"frequency":"Weekly"},
{"id":926,"frequency":"Never"},
{"id":927,"frequency":"Monthly"},
{"id":928,"frequency":"Once"},
{"id":929,"frequency":"Seldom"},
{"id":930,"frequency":"Yearly"},
{"id":931,"frequency":"Daily"},
{"id":932,"frequency":"Monthly"},
{"id":933,"frequency":"Monthly"},
{"id":934,"frequency":"Often"},
{"id":935,"frequency":"Monthly"},
{"id":936,"frequency":"Daily"},
{"id":937,"frequency":"Weekly"},
{"id":938,"frequency":"Daily"},
{"id":939,"frequency":"Daily"},
{"id":940,"frequency":"Never"},
{"id":941,"frequency":"Yearly"},
{"id":942,"frequency":"Once"},
{"id":943,"frequency":"Yearly"},
{"id":944,"frequency":"Once"},
{"id":945,"frequency":"Weekly"},
{"id":946,"frequency":"Once"},
{"id":947,"frequency":"Once"},
{"id":948,"frequency":"Monthly"},
{"id":949,"frequency":"Never"},
{"id":950,"frequency":"Once"},
{"id":951,"frequency":"Often"},
{"id":952,"frequency":"Yearly"},
{"id":953,"frequency":"Weekly"},
{"id":954,"frequency":"Once"},
{"id":955,"frequency":"Once"},
{"id":956,"frequency":"Once"},
{"id":957,"frequency":"Once"},
{"id":958,"frequency":"Monthly"},
{"id":959,"frequency":"Monthly"},
{"id":960,"frequency":"Yearly"},
{"id":961,"frequency":"Daily"},
{"id":962,"frequency":"Never"},
{"id":963,"frequency":"Daily"},
{"id":964,"frequency":"Never"},
{"id":965,"frequency":"Daily"},
{"id":966,"frequency":"Often"},
{"id":967,"frequency":"Daily"},
{"id":968,"frequency":"Seldom"},
{"id":969,"frequency":"Yearly"},
{"id":970,"frequency":"Seldom"},
{"id":971,"frequency":"Often"},
{"id":972,"frequency":"Yearly"},
{"id":973,"frequency":"Yearly"},
{"id":974,"frequency":"Never"},
{"id":975,"frequency":"Yearly"},
{"id":976,"frequency":"Weekly"},
{"id":977,"frequency":"Daily"},
{"id":978,"frequency":"Weekly"},
{"id":979,"frequency":"Yearly"},
{"id":980,"frequency":"Seldom"},
{"id":981,"frequency":"Seldom"},
{"id":982,"frequency":"Seldom"},
{"id":983,"frequency":"Yearly"},
{"id":984,"frequency":"Monthly"},
{"id":985,"frequency":"Often"},
{"id":986,"frequency":"Never"},
{"id":987,"frequency":"Daily"},
{"id":988,"frequency":"Monthly"},
{"id":989,"frequency":"Daily"},
{"id":990,"frequency":"Often"},
{"id":991,"frequency":"Yearly"},
{"id":992,"frequency":"Weekly"},
{"id":993,"frequency":"Daily"},
{"id":994,"frequency":"Daily"},
{"id":995,"frequency":"Yearly"},
{"id":996,"frequency":"Seldom"},
{"id":997,"frequency":"Seldom"},
{"id":998,"frequency":"Never"},
{"id":999,"frequency":"Often"},
{"id":1000,"frequency":"Seldom"}]